[
  {
    "bank": "cimb",
    "bins": [
      "421405",
      "428416",
      "441659",
      "443172",
      "456878",
      "456879",
      "459920",
      "459921",
      "467908",
      "470596",
      "476085",
      "489503",
      "514111",
      "517417",
      "519629",
      "521102",
      "522866",
      "524319",
      "528674",
      "528919",
      "529620",
      "532713",
      "533619",
      "536612",
      "537656",
      "540174",
      "540378",
      "540462",
      "540468",
      "542441",
      "542466",
      "546318",
      "548116",
      "548117",
      "548336",
      "552810",
      "555074",
      "557692",
      "530487",
      "547292"
    ]
  },
  {
    "bank": "mandiri",
    "bins": [
      "400376",
      "400378",
      "400385",
      "400479",
      "400481",
      "405651",
      "409766",
      "413718",
      "413719",
      "414931",
      "415016",
      "415017",
      "415018",
      "415030",
      "415031",
      "415032",
      "416230",
      "416231",
      "416232",
      "421057",
      "421195",
      "421197",
      "421313",
      "425945",
      "434075",
      "437527",
      "437528",
      "437529",
      "445076",
      "450183",
      "450184",
      "450185",
      "461699",
      "461700",
      "463199",
      "468748",
      "468749",
      "468984",
      "483795",
      "483796",
      "486682",
      "489594",
      "489764",
      "490283",
      "490284",
      "512676",
      "512724",
      "523536",
      "524325",
      "537793",
      "550615",
      "557338",
      "467840",
      "409790"
    ]
  },
  {
    "bank": "bni",
    "bins": [
      "356393",
      "356524",
      "379991",
      "403547",
      "403548",
      "410504",
      "410505",
      "410506",
      "421440",
      "426097",
      "426098",
      "436583",
      "439062",
      "450679",
      "450702",
      "451249",
      "457512",
      "466573",
      "466574",
      "471293",
      "510055",
      "510472",
      "516919",
      "517643",
      "518446",
      "521083",
      "521983",
      "522028",
      "522505",
      "522615",
      "522787",
      "523026",
      "524069",
      "524125",
      "524495",
      "524609",
      "526415",
      "526426",
      "528721",
      "529609",
      "529721",
      "529734",
      "529737",
      "531857",
      "532727",
      "536021",
      "542640",
      "548415",
      "548988"
    ]
  },
  {
    "bank": "bca",
    "bins": [
      "522990",
      "524553",
      "540912",
      "541322",
      "542643",
      "543248",
      "543730",
      "445377",
      "447242",
      "455632",
      "455633",
      "469151",
      "472646",
      "472647",
      "477377",
      "484073",
      "483545",
      "522287",
      "515291",
      "188880",
      "188870",
      "188860",
      "379565",
      "601900"
    ]
  },
  {
    "bank": "maybank",
    "bins": [
      "356285",
      "376210",
      "376233",
      "376240",
      "379186",
      "404716",
      "404776",
      "405577",
      "420183",
      "424103",
      "426013",
      "428332",
      "429301",
      "442373",
      "442374",
      "456781",
      "464987",
      "484218",
      "484219",
      "484233",
      "484234",
      "484250",
      "484279",
      "484286",
      "484298",
      "486628",
      "493828",
      "493829",
      "496623",
      "496643",
      "510481",
      "515322",
      "515595",
      "520037",
      "531810",
      "540067",
      "540160",
      "542124",
      "542449",
      "542499",
      "545280",
      "545298",
      "545299",
      "547332",
      "552008",
      "552080"
    ]
  },
  {
    "bank": "bri",
    "bins": [
      "436502",
      "468702",
      "468740",
      "472613",
      "510458",
      "518828",
      "518856",
      "522184",
      "524638",
      "524654",
      "532659",
      "547582",
      "552002",
      "553479",
      "522185"
    ]
  },
  {
    "bank": "mega",
    "bins": [
      "420191",
      "420192",
      "420194",
      "421407",
      "421408",
      "426211",
      "431226",
      "457508",
      "458785",
      "464933",
      "472670",
      "464934",
      "478487",
      "489087",
      "524261",
      "522103"
    ]
  },
  {
    "bank": "mandiri_debit",
    "bins": [
      "405651",
      "409766",
      "461699",
      "461700",
      "467840",
      "483795",
      "483796",
      "409790"
    ]
  },
  {
    "bank": "bni_debit_online",
    "bins": [
      "526422",
      "526423",
      "532668",
      "537176",
      "519893",
      "517892",
      "517863",
      "526921",
      "517885",
      "194601",
      "194602",
      "194609",
      "194610",
      "194616",
      "194620",
      "194628",
      "194630",
      "194631",
      "194632",
      "194640",
      "194641",
      "194642",
      "194643",
      "194644",
      "194645",
      "194646",
      "194647",
      "194650",
      "194651",
      "194652",
      "194653",
      "194654",
      "194655",
      "194656",
      "194657",
      "194658",
      "194660",
      "194670",
      "194678",
      "194680",
      "194681",
      "194683",
      "194684",
      "194690",
      "194698",
      "194790",
      "194890",
      "601004"
    ]
  }
]